0,http://www.ncbi.nlm.nih.gov/pubmed/20562097
1,http://www.ncbi.nlm.nih.gov/pubmed/8795688
2,http://www.ncbi.nlm.nih.gov/pubmed/15174957
3,http://www.ncbi.nlm.nih.gov/pubmed/26177645
4,http://www.ncbi.nlm.nih.gov/pubmed/25684355
5,http://www.ncbi.nlm.nih.gov/pubmed/21265828
6,http://www.ncbi.nlm.nih.gov/pubmed/19788585
7,http://www.ncbi.nlm.nih.gov/pubmed/9265274
8,http://www.ncbi.nlm.nih.gov/pubmed/27940438
9,http://www.ncbi.nlm.nih.gov/pubmed/26346592
10,http://www.ncbi.nlm.nih.gov/pubmed/18854373
11,http://www.ncbi.nlm.nih.gov/pubmed/11731421
12,http://www.ncbi.nlm.nih.gov/pubmed/27581057
13,http://www.ncbi.nlm.nih.gov/pubmed/23818606
14,http://www.ncbi.nlm.nih.gov/pubmed/16844902
15,http://www.ncbi.nlm.nih.gov/pubmed/16275352
16,http://www.ncbi.nlm.nih.gov/pubmed/21051661
17,http://www.ncbi.nlm.nih.gov/pubmed/15342494
18,http://www.ncbi.nlm.nih.gov/pubmed/10585392
19,http://www.ncbi.nlm.nih.gov/pubmed/12368504
20,http://www.ncbi.nlm.nih.gov/pubmed/12324474
21,http://www.ncbi.nlm.nih.gov/pubmed/17914096
22,http://www.ncbi.nlm.nih.gov/pubmed/26976604
23,http://www.ncbi.nlm.nih.gov/pubmed/22956996
24,http://www.ncbi.nlm.nih.gov/pubmed/23288897
25,http://www.ncbi.nlm.nih.gov/pubmed/11337588
26,http://www.ncbi.nlm.nih.gov/pubmed/21403132
27,http://www.ncbi.nlm.nih.gov/pubmed/14502989
28,http://www.ncbi.nlm.nih.gov/pubmed/27546621
29,http://www.ncbi.nlm.nih.gov/pubmed/21317535
30,http://www.ncbi.nlm.nih.gov/pubmed/24973710
31,http://www.ncbi.nlm.nih.gov/pubmed/27833851
32,http://www.ncbi.nlm.nih.gov/pubmed/16310364
33,http://www.ncbi.nlm.nih.gov/pubmed/15867213
34,http://www.ncbi.nlm.nih.gov/pubmed/24286178
35,http://www.ncbi.nlm.nih.gov/pubmed/21876386
36,http://www.ncbi.nlm.nih.gov/pubmed/25580790
37,http://www.ncbi.nlm.nih.gov/pubmed/26470624
38,http://www.ncbi.nlm.nih.gov/pubmed/26201313
39,http://www.ncbi.nlm.nih.gov/pubmed/26831295
40,http://www.ncbi.nlm.nih.gov/pubmed/18754844
41,http://www.ncbi.nlm.nih.gov/pubmed/27665300
42,http://www.ncbi.nlm.nih.gov/pubmed/23670060
43,http://www.ncbi.nlm.nih.gov/pubmed/25040429
44,http://www.ncbi.nlm.nih.gov/pubmed/21091684
45,http://www.ncbi.nlm.nih.gov/pubmed/21756155
46,http://www.ncbi.nlm.nih.gov/pubmed/24144253
47,http://www.ncbi.nlm.nih.gov/pubmed/19997689
48,http://www.ncbi.nlm.nih.gov/pubmed/26801356
49,http://www.ncbi.nlm.nih.gov/pubmed/19371236
50,http://www.ncbi.nlm.nih.gov/pubmed/20652119
51,http://www.ncbi.nlm.nih.gov/pubmed/27799806
52,http://www.ncbi.nlm.nih.gov/pubmed/23247938
53,http://www.ncbi.nlm.nih.gov/pubmed/23106519
54,http://www.ncbi.nlm.nih.gov/pubmed/20628295
55,http://www.ncbi.nlm.nih.gov/pubmed/19213236
56,http://www.ncbi.nlm.nih.gov/pubmed/22644772
57,http://www.ncbi.nlm.nih.gov/pubmed/27136622
58,http://www.ncbi.nlm.nih.gov/pubmed/22013960
59,http://www.ncbi.nlm.nih.gov/pubmed/19451504
60,http://www.ncbi.nlm.nih.gov/pubmed/21457202
61,http://www.ncbi.nlm.nih.gov/pubmed/21128923
62,http://www.ncbi.nlm.nih.gov/pubmed/27518661
63,http://www.ncbi.nlm.nih.gov/pubmed/27388530
64,http://www.ncbi.nlm.nih.gov/pubmed/26780125
65,http://www.ncbi.nlm.nih.gov/pubmed/12208918
66,http://www.ncbi.nlm.nih.gov/pubmed/21606991
67,http://www.ncbi.nlm.nih.gov/pubmed/20048104
68,http://www.ncbi.nlm.nih.gov/pubmed/27064472
69,http://www.ncbi.nlm.nih.gov/pubmed/19034171
70,http://www.ncbi.nlm.nih.gov/pubmed/24928998
71,http://www.ncbi.nlm.nih.gov/pubmed/26655866
72,http://www.ncbi.nlm.nih.gov/pubmed/26184993
73,http://www.ncbi.nlm.nih.gov/pubmed/26665894
74,http://www.ncbi.nlm.nih.gov/pubmed/25429080
75,http://www.ncbi.nlm.nih.gov/pubmed/23037146
76,http://www.ncbi.nlm.nih.gov/pubmed/21272731
77,http://www.ncbi.nlm.nih.gov/pubmed/15134611
78,http://www.ncbi.nlm.nih.gov/pubmed/19952249
79,http://www.ncbi.nlm.nih.gov/pubmed/21916393
80,http://www.ncbi.nlm.nih.gov/pubmed/27957702
81,http://www.ncbi.nlm.nih.gov/pubmed/27904584
82,http://www.ncbi.nlm.nih.gov/pubmed/12756315
83,http://www.ncbi.nlm.nih.gov/pubmed/22166747
84,http://www.ncbi.nlm.nih.gov/pubmed/23746843
85,http://www.ncbi.nlm.nih.gov/pubmed/26503766
86,http://www.ncbi.nlm.nih.gov/pubmed/24461064
87,http://www.ncbi.nlm.nih.gov/pubmed/24726327
88,http://www.ncbi.nlm.nih.gov/pubmed/26235645
89,http://www.ncbi.nlm.nih.gov/pubmed/26085216
90,http://www.ncbi.nlm.nih.gov/pubmed/23806334
91,http://www.ncbi.nlm.nih.gov/pubmed/24726323
92,http://www.ncbi.nlm.nih.gov/pubmed/27559085
93,http://www.ncbi.nlm.nih.gov/pubmed/27255695
94,http://www.ncbi.nlm.nih.gov/pubmed/25620563
95,http://www.ncbi.nlm.nih.gov/pubmed/26312418
96,http://www.ncbi.nlm.nih.gov/pubmed/26300264
97,http://www.ncbi.nlm.nih.gov/pubmed/24175169
98,http://www.ncbi.nlm.nih.gov/pubmed/16732742
99,http://www.ncbi.nlm.nih.gov/pubmed/18282269
100,http://www.ncbi.nlm.nih.gov/pubmed/11915156
101,http://www.ncbi.nlm.nih.gov/pubmed/25337310
102,http://www.ncbi.nlm.nih.gov/pubmed/23121489
103,http://www.ncbi.nlm.nih.gov/pubmed/10701282
104,http://www.ncbi.nlm.nih.gov/pubmed/24928237
105,http://www.ncbi.nlm.nih.gov/pubmed/22441728
106,http://www.ncbi.nlm.nih.gov/pubmed/27576903
107,http://www.ncbi.nlm.nih.gov/pubmed/21511473
108,http://www.ncbi.nlm.nih.gov/pubmed/10095647
109,http://www.ncbi.nlm.nih.gov/pubmed/21539718
110,http://www.ncbi.nlm.nih.gov/pubmed/15038935
111,http://www.ncbi.nlm.nih.gov/pubmed/15077440
112,http://www.ncbi.nlm.nih.gov/pubmed/19319925
113,http://www.ncbi.nlm.nih.gov/pubmed/17394635
114,http://www.ncbi.nlm.nih.gov/pubmed/15792498
115,http://www.ncbi.nlm.nih.gov/pubmed/19711147
116,http://www.ncbi.nlm.nih.gov/pubmed/16351715
117,http://www.ncbi.nlm.nih.gov/pubmed/1811781
118,http://www.ncbi.nlm.nih.gov/pubmed/2702506
119,http://www.ncbi.nlm.nih.gov/pubmed/27942856
120,http://www.ncbi.nlm.nih.gov/pubmed/25919473
121,http://www.ncbi.nlm.nih.gov/pubmed/19011582
122,http://www.ncbi.nlm.nih.gov/pubmed/21885699
123,http://www.ncbi.nlm.nih.gov/pubmed/19589853
124,http://www.ncbi.nlm.nih.gov/pubmed/7754892
125,http://www.ncbi.nlm.nih.gov/pubmed/24652474
126,http://www.ncbi.nlm.nih.gov/pubmed/24283550
127,http://www.ncbi.nlm.nih.gov/pubmed/10890460
128,http://www.ncbi.nlm.nih.gov/pubmed/24374758
129,http://www.ncbi.nlm.nih.gov/pubmed/24211154
130,http://www.ncbi.nlm.nih.gov/pubmed/10738419
131,http://www.ncbi.nlm.nih.gov/pubmed/3871127
132,http://www.ncbi.nlm.nih.gov/pubmed/27402679
133,http://www.ncbi.nlm.nih.gov/pubmed/11571861
134,http://www.ncbi.nlm.nih.gov/pubmed/21233754
135,http://www.ncbi.nlm.nih.gov/pubmed/10696568
136,http://www.ncbi.nlm.nih.gov/pubmed/14613973
137,http://www.ncbi.nlm.nih.gov/pubmed/18818193
138,http://www.ncbi.nlm.nih.gov/pubmed/24686979
139,http://www.ncbi.nlm.nih.gov/pubmed/26740388
140,http://www.ncbi.nlm.nih.gov/pubmed/26028288
141,http://www.ncbi.nlm.nih.gov/pubmed/24448525
142,http://www.ncbi.nlm.nih.gov/pubmed/16251895
143,http://www.ncbi.nlm.nih.gov/pubmed/24705944
144,http://www.ncbi.nlm.nih.gov/pubmed/17070479
145,http://www.ncbi.nlm.nih.gov/pubmed/22544111
146,http://www.ncbi.nlm.nih.gov/pubmed/26791998
147,http://www.ncbi.nlm.nih.gov/pubmed/22566811
148,http://www.ncbi.nlm.nih.gov/pubmed/11808015
149,http://www.ncbi.nlm.nih.gov/pubmed/10742580
150,http://www.ncbi.nlm.nih.gov/pubmed/14969309
151,http://www.ncbi.nlm.nih.gov/pubmed/23436190
152,http://www.ncbi.nlm.nih.gov/pubmed/12822115
153,http://www.ncbi.nlm.nih.gov/pubmed/7013291
154,http://www.ncbi.nlm.nih.gov/pubmed/11503361
155,http://www.ncbi.nlm.nih.gov/pubmed/22185830
156,http://www.ncbi.nlm.nih.gov/pubmed/25795669
157,http://www.ncbi.nlm.nih.gov/pubmed/26100928
158,http://www.ncbi.nlm.nih.gov/pubmed/22722342
159,http://www.ncbi.nlm.nih.gov/pubmed/18929641
160,http://www.ncbi.nlm.nih.gov/pubmed/15507761
161,http://www.ncbi.nlm.nih.gov/pubmed/15507762
162,http://www.ncbi.nlm.nih.gov/pubmed/15824103
163,http://www.ncbi.nlm.nih.gov/pubmed/27540115
164,http://www.ncbi.nlm.nih.gov/pubmed/17900370
165,http://www.ncbi.nlm.nih.gov/pubmed/23322165
166,http://www.ncbi.nlm.nih.gov/pubmed/23957209
167,http://www.ncbi.nlm.nih.gov/pubmed/16329988
168,http://www.ncbi.nlm.nih.gov/pubmed/17583407
169,http://www.ncbi.nlm.nih.gov/pubmed/16507994
170,http://www.ncbi.nlm.nih.gov/pubmed/20454568
171,http://www.ncbi.nlm.nih.gov/pubmed/20609497
172,http://www.ncbi.nlm.nih.gov/pubmed/22549734
173,http://www.ncbi.nlm.nih.gov/pubmed/17913709
174,http://www.ncbi.nlm.nih.gov/pubmed/16762923
175,http://www.ncbi.nlm.nih.gov/pubmed/16911517
176,http://www.ncbi.nlm.nih.gov/pubmed/26781991
177,http://www.ncbi.nlm.nih.gov/pubmed/18463161
178,http://www.ncbi.nlm.nih.gov/pubmed/21331621
179,http://www.ncbi.nlm.nih.gov/pubmed/27861144
180,http://www.ncbi.nlm.nih.gov/pubmed/27393507
181,http://www.ncbi.nlm.nih.gov/pubmed/27923714
182,http://www.ncbi.nlm.nih.gov/pubmed/26902828
183,http://www.ncbi.nlm.nih.gov/pubmed/27169328
184,http://www.ncbi.nlm.nih.gov/pubmed/27835594
185,http://www.ncbi.nlm.nih.gov/pubmed/27912836
186,http://www.ncbi.nlm.nih.gov/pubmed/26620497
187,http://www.ncbi.nlm.nih.gov/pubmed/27885838
188,http://www.ncbi.nlm.nih.gov/pubmed/27196753
189,http://www.ncbi.nlm.nih.gov/pubmed/26515464
190,http://www.ncbi.nlm.nih.gov/pubmed/26720671
191,http://www.ncbi.nlm.nih.gov/pubmed/27071706
192,http://www.ncbi.nlm.nih.gov/pubmed/27649127
193,http://www.ncbi.nlm.nih.gov/pubmed/27660466
194,http://www.ncbi.nlm.nih.gov/pubmed/26898616
195,http://www.ncbi.nlm.nih.gov/pubmed/26943236
196,http://www.ncbi.nlm.nih.gov/pubmed/12920401
197,http://www.ncbi.nlm.nih.gov/pubmed/1328936
198,http://www.ncbi.nlm.nih.gov/pubmed/7842074
199,http://www.ncbi.nlm.nih.gov/pubmed/18800266
200,http://www.ncbi.nlm.nih.gov/pubmed/6395627
201,http://www.ncbi.nlm.nih.gov/pubmed/9203176
202,http://www.ncbi.nlm.nih.gov/pubmed/20127218
203,http://www.ncbi.nlm.nih.gov/pubmed/7869998
204,http://www.ncbi.nlm.nih.gov/pubmed/24696311
205,http://www.ncbi.nlm.nih.gov/pubmed/10906158
206,http://www.ncbi.nlm.nih.gov/pubmed/25810436
207,http://www.ncbi.nlm.nih.gov/pubmed/9502562
208,http://www.ncbi.nlm.nih.gov/pubmed/23342992
209,http://www.ncbi.nlm.nih.gov/pubmed/22282380
210,http://www.ncbi.nlm.nih.gov/pubmed/15875219
211,http://www.ncbi.nlm.nih.gov/pubmed/21431899
212,http://www.ncbi.nlm.nih.gov/pubmed/16953151
213,http://www.ncbi.nlm.nih.gov/pubmed/23164417
214,http://www.ncbi.nlm.nih.gov/pubmed/19915517
215,http://www.ncbi.nlm.nih.gov/pubmed/15056980
216,http://www.ncbi.nlm.nih.gov/pubmed/22142744
217,http://www.ncbi.nlm.nih.gov/pubmed/8897553
218,http://www.ncbi.nlm.nih.gov/pubmed/24377430
219,http://www.ncbi.nlm.nih.gov/pubmed/27277374
220,http://www.ncbi.nlm.nih.gov/pubmed/21705784
221,http://www.ncbi.nlm.nih.gov/pubmed/19653328
222,http://www.ncbi.nlm.nih.gov/pubmed/26464443
223,http://www.ncbi.nlm.nih.gov/pubmed/27016142
224,http://www.ncbi.nlm.nih.gov/pubmed/23118484
225,http://www.ncbi.nlm.nih.gov/pubmed/15027924
226,http://www.ncbi.nlm.nih.gov/pubmed/11720149
227,http://www.ncbi.nlm.nih.gov/pubmed/8678146
228,http://www.ncbi.nlm.nih.gov/pubmed/15572962
229,http://www.ncbi.nlm.nih.gov/pubmed/23871223
230,http://www.ncbi.nlm.nih.gov/pubmed/26016316
231,http://www.ncbi.nlm.nih.gov/pubmed/26953551
232,http://www.ncbi.nlm.nih.gov/pubmed/11854637
233,http://www.ncbi.nlm.nih.gov/pubmed/23040928
234,http://www.ncbi.nlm.nih.gov/pubmed/26446688
235,http://www.ncbi.nlm.nih.gov/pubmed/23697398
236,http://www.ncbi.nlm.nih.gov/pubmed/25806101
237,http://www.ncbi.nlm.nih.gov/pubmed/21501125
238,http://www.ncbi.nlm.nih.gov/pubmed/1471661
239,http://www.ncbi.nlm.nih.gov/pubmed/10843242
240,http://www.ncbi.nlm.nih.gov/pubmed/8765269
241,http://www.ncbi.nlm.nih.gov/pubmed/9914607
242,http://www.ncbi.nlm.nih.gov/pubmed/10847654
243,http://www.ncbi.nlm.nih.gov/pubmed/19703145
244,http://www.ncbi.nlm.nih.gov/pubmed/19663680
245,http://www.ncbi.nlm.nih.gov/pubmed/17666652
246,http://www.ncbi.nlm.nih.gov/pubmed/8059835
247,http://www.ncbi.nlm.nih.gov/pubmed/10952390
248,http://www.ncbi.nlm.nih.gov/pubmed/22371403
249,http://www.ncbi.nlm.nih.gov/pubmed/24379252
250,http://www.ncbi.nlm.nih.gov/pubmed/23098757
251,http://www.ncbi.nlm.nih.gov/pubmed/22258527
252,http://www.ncbi.nlm.nih.gov/pubmed/23020089
253,http://www.ncbi.nlm.nih.gov/pubmed/19938076
254,http://www.ncbi.nlm.nih.gov/pubmed/23787126
255,http://www.ncbi.nlm.nih.gov/pubmed/20485200
256,http://www.ncbi.nlm.nih.gov/pubmed/9546825
257,http://www.ncbi.nlm.nih.gov/pubmed/10790403
258,http://www.ncbi.nlm.nih.gov/pubmed/10536986
259,http://www.ncbi.nlm.nih.gov/pubmed/23512835
260,http://www.ncbi.nlm.nih.gov/pubmed/10851256
261,http://www.ncbi.nlm.nih.gov/pubmed/27604145
262,http://www.ncbi.nlm.nih.gov/pubmed/22196401
263,http://www.ncbi.nlm.nih.gov/pubmed/26252099
264,http://www.ncbi.nlm.nih.gov/pubmed/25537565
265,http://www.ncbi.nlm.nih.gov/pubmed/20926643
266,http://www.ncbi.nlm.nih.gov/pubmed/23457582
267,http://www.ncbi.nlm.nih.gov/pubmed/19159975
268,http://www.ncbi.nlm.nih.gov/pubmed/27802215
269,http://www.ncbi.nlm.nih.gov/pubmed/27814292
270,http://www.ncbi.nlm.nih.gov/pubmed/17662889
271,http://www.ncbi.nlm.nih.gov/pubmed/1301951
272,http://www.ncbi.nlm.nih.gov/pubmed/11172667
273,http://www.ncbi.nlm.nih.gov/pubmed/20886046
274,http://www.ncbi.nlm.nih.gov/pubmed/8745433
275,http://www.ncbi.nlm.nih.gov/pubmed/6310991
276,http://www.ncbi.nlm.nih.gov/pubmed/7624311
277,http://www.ncbi.nlm.nih.gov/pubmed/24821091
278,http://www.ncbi.nlm.nih.gov/pubmed/17328886
279,http://www.ncbi.nlm.nih.gov/pubmed/11517192
280,http://www.ncbi.nlm.nih.gov/pubmed/18059015
281,http://www.ncbi.nlm.nih.gov/pubmed/10328918
282,http://www.ncbi.nlm.nih.gov/pubmed/12213208
283,http://www.ncbi.nlm.nih.gov/pubmed/23928032
284,http://www.ncbi.nlm.nih.gov/pubmed/10631175
285,http://www.ncbi.nlm.nih.gov/pubmed/21795282
286,http://www.ncbi.nlm.nih.gov/pubmed/25028519
287,http://www.ncbi.nlm.nih.gov/pubmed/19906842
288,http://www.ncbi.nlm.nih.gov/pubmed/18434416
289,http://www.ncbi.nlm.nih.gov/pubmed/10615989
290,http://www.ncbi.nlm.nih.gov/pubmed/11850620
291,http://www.ncbi.nlm.nih.gov/pubmed/25808752
292,http://www.ncbi.nlm.nih.gov/pubmed/17907424
293,http://www.ncbi.nlm.nih.gov/pubmed/10491221
294,http://www.ncbi.nlm.nih.gov/pubmed/9486541
295,http://www.ncbi.nlm.nih.gov/pubmed/22507129
296,http://www.ncbi.nlm.nih.gov/pubmed/11714677
297,http://www.ncbi.nlm.nih.gov/pubmed/12745383
298,http://www.ncbi.nlm.nih.gov/pubmed/10742444
299,http://www.ncbi.nlm.nih.gov/pubmed/21411723
300,http://www.ncbi.nlm.nih.gov/pubmed/10208865
301,http://www.ncbi.nlm.nih.gov/pubmed/15355563
302,http://www.ncbi.nlm.nih.gov/pubmed/11748145
303,http://www.ncbi.nlm.nih.gov/pubmed/10465785
304,http://www.ncbi.nlm.nih.gov/pubmed/11466306
305,http://www.ncbi.nlm.nih.gov/pubmed/22190639
306,http://www.ncbi.nlm.nih.gov/pubmed/14991716
307,http://www.ncbi.nlm.nih.gov/pubmed/21566205
308,http://www.ncbi.nlm.nih.gov/pubmed/8662546
309,http://www.ncbi.nlm.nih.gov/pubmed/25479004
310,http://www.ncbi.nlm.nih.gov/pubmed/19035497
311,http://www.ncbi.nlm.nih.gov/pubmed/11332615
312,http://www.ncbi.nlm.nih.gov/pubmed/24844414
313,http://www.ncbi.nlm.nih.gov/pubmed/12968668
314,http://www.ncbi.nlm.nih.gov/pubmed/26993089
315,http://www.ncbi.nlm.nih.gov/pubmed/16856704
316,http://www.ncbi.nlm.nih.gov/pubmed/1597367
317,http://www.ncbi.nlm.nih.gov/pubmed/15865255
318,http://www.ncbi.nlm.nih.gov/pubmed/16989500
319,http://www.ncbi.nlm.nih.gov/pubmed/10481507
320,http://www.ncbi.nlm.nih.gov/pubmed/11995671
321,http://www.ncbi.nlm.nih.gov/pubmed/24874612
322,http://www.ncbi.nlm.nih.gov/pubmed/10938204
323,http://www.ncbi.nlm.nih.gov/pubmed/10534638
324,http://www.ncbi.nlm.nih.gov/pubmed/14980194
325,http://www.ncbi.nlm.nih.gov/pubmed/10332378
326,http://www.ncbi.nlm.nih.gov/pubmed/12783021
327,http://www.ncbi.nlm.nih.gov/pubmed/24141209
328,http://www.ncbi.nlm.nih.gov/pubmed/22411744
329,http://www.ncbi.nlm.nih.gov/pubmed/20026058
330,http://www.ncbi.nlm.nih.gov/pubmed/25217462
331,http://www.ncbi.nlm.nih.gov/pubmed/16549043
332,http://www.ncbi.nlm.nih.gov/pubmed/26975167
333,http://www.ncbi.nlm.nih.gov/pubmed/26786341
334,http://www.ncbi.nlm.nih.gov/pubmed/24891867
335,http://www.ncbi.nlm.nih.gov/pubmed/26507774
336,http://www.ncbi.nlm.nih.gov/pubmed/26989023
337,http://www.ncbi.nlm.nih.gov/pubmed/24945319
338,http://www.ncbi.nlm.nih.gov/pubmed/27399455
339,http://www.ncbi.nlm.nih.gov/pubmed/15287423
340,http://www.ncbi.nlm.nih.gov/pubmed/24040234
341,http://www.ncbi.nlm.nih.gov/pubmed/22801552
342,http://www.ncbi.nlm.nih.gov/pubmed/18781962
343,http://www.ncbi.nlm.nih.gov/pubmed/2793186
344,http://www.ncbi.nlm.nih.gov/pubmed/12424707
345,http://www.ncbi.nlm.nih.gov/pubmed/2095460
346,http://www.ncbi.nlm.nih.gov/pubmed/21184040
347,http://www.ncbi.nlm.nih.gov/pubmed/17018572
348,http://www.ncbi.nlm.nih.gov/pubmed/22658416
349,http://www.ncbi.nlm.nih.gov/pubmed/17009081
350,http://www.ncbi.nlm.nih.gov/pubmed/24766157
351,http://www.ncbi.nlm.nih.gov/pubmed/27225853
352,http://www.ncbi.nlm.nih.gov/pubmed/22176652
353,http://www.ncbi.nlm.nih.gov/pubmed/22960375
354,http://www.ncbi.nlm.nih.gov/pubmed/7544967
355,http://www.ncbi.nlm.nih.gov/pubmed/21694444
356,http://www.ncbi.nlm.nih.gov/pubmed/23026468
357,http://www.ncbi.nlm.nih.gov/pubmed/18484781
358,http://www.ncbi.nlm.nih.gov/pubmed/28933272
359,http://www.ncbi.nlm.nih.gov/pubmed/15566859
360,http://www.ncbi.nlm.nih.gov/pubmed/28516949
361,http://www.ncbi.nlm.nih.gov/pubmed/22301556
362,http://www.ncbi.nlm.nih.gov/pubmed/28232786
363,http://www.ncbi.nlm.nih.gov/pubmed/27742610
364,http://www.ncbi.nlm.nih.gov/pubmed/27247004
365,http://www.ncbi.nlm.nih.gov/pubmed/29934319
366,http://www.ncbi.nlm.nih.gov/pubmed/27280980
367,http://www.ncbi.nlm.nih.gov/pubmed/30046703
368,http://www.ncbi.nlm.nih.gov/pubmed/29197565
369,http://www.ncbi.nlm.nih.gov/pubmed/22246871
370,http://www.ncbi.nlm.nih.gov/pubmed/27551669
371,http://www.ncbi.nlm.nih.gov/pubmed/30404778
372,http://www.ncbi.nlm.nih.gov/pubmed/20704474
373,http://www.ncbi.nlm.nih.gov/pubmed/29653952
374,http://www.ncbi.nlm.nih.gov/pubmed/30086681
375,http://www.ncbi.nlm.nih.gov/pubmed/21303223
376,http://www.ncbi.nlm.nih.gov/pubmed/28683596
377,http://www.ncbi.nlm.nih.gov/pubmed/29676625
378,http://www.ncbi.nlm.nih.gov/pubmed/11741309
379,http://www.ncbi.nlm.nih.gov/pubmed/19700328
380,http://www.ncbi.nlm.nih.gov/pubmed/16463861
381,http://www.ncbi.nlm.nih.gov/pubmed/15851108
382,http://www.ncbi.nlm.nih.gov/pubmed/10902626
383,http://www.ncbi.nlm.nih.gov/pubmed/17924338
384,http://www.ncbi.nlm.nih.gov/pubmed/24163818
385,http://www.ncbi.nlm.nih.gov/pubmed/18422033
386,http://www.ncbi.nlm.nih.gov/pubmed/20671410
387,http://www.ncbi.nlm.nih.gov/pubmed/22527824
388,http://www.ncbi.nlm.nih.gov/pubmed/4936649
389,http://www.ncbi.nlm.nih.gov/pubmed/10525005
390,http://www.ncbi.nlm.nih.gov/pubmed/15332726
391,http://www.ncbi.nlm.nih.gov/pubmed/17703631
392,http://www.ncbi.nlm.nih.gov/pubmed/15783264
393,http://www.ncbi.nlm.nih.gov/pubmed/24132372
394,http://www.ncbi.nlm.nih.gov/pubmed/21284896
395,http://www.ncbi.nlm.nih.gov/pubmed/21915623
396,http://www.ncbi.nlm.nih.gov/pubmed/21378119
397,http://www.ncbi.nlm.nih.gov/pubmed/16451554
398,http://www.ncbi.nlm.nih.gov/pubmed/22962301
399,http://www.ncbi.nlm.nih.gov/pubmed/25064957
400,http://www.ncbi.nlm.nih.gov/pubmed/18941554
401,http://www.ncbi.nlm.nih.gov/pubmed/16804530
402,http://www.ncbi.nlm.nih.gov/pubmed/16570042
403,http://www.ncbi.nlm.nih.gov/pubmed/18396434
404,http://www.ncbi.nlm.nih.gov/pubmed/22404083
405,http://www.ncbi.nlm.nih.gov/pubmed/22658319
406,http://www.ncbi.nlm.nih.gov/pubmed/8438687
407,http://www.ncbi.nlm.nih.gov/pubmed/11508688
408,http://www.ncbi.nlm.nih.gov/pubmed/15473927
409,http://www.ncbi.nlm.nih.gov/pubmed/23743150
410,http://www.ncbi.nlm.nih.gov/pubmed/15288396
411,http://www.ncbi.nlm.nih.gov/pubmed/11854420
412,http://www.ncbi.nlm.nih.gov/pubmed/17462970
413,http://www.ncbi.nlm.nih.gov/pubmed/17079095
414,http://www.ncbi.nlm.nih.gov/pubmed/15719064
415,http://www.ncbi.nlm.nih.gov/pubmed/23444276
416,http://www.ncbi.nlm.nih.gov/pubmed/22197603
417,http://www.ncbi.nlm.nih.gov/pubmed/23963125
418,http://www.ncbi.nlm.nih.gov/pubmed/22768670
419,http://www.ncbi.nlm.nih.gov/pubmed/20373499
420,http://www.ncbi.nlm.nih.gov/pubmed/20431548
421,http://www.ncbi.nlm.nih.gov/pubmed/25577380
422,http://www.ncbi.nlm.nih.gov/pubmed/19119983
423,http://www.ncbi.nlm.nih.gov/pubmed/11339660
424,http://www.ncbi.nlm.nih.gov/pubmed/22375228
425,http://www.ncbi.nlm.nih.gov/pubmed/27399411
426,http://www.ncbi.nlm.nih.gov/pubmed/23890950
427,http://www.ncbi.nlm.nih.gov/pubmed/19809570
428,http://www.ncbi.nlm.nih.gov/pubmed/21445329
429,http://www.ncbi.nlm.nih.gov/pubmed/11428324
430,http://www.ncbi.nlm.nih.gov/pubmed/23376948
431,http://www.ncbi.nlm.nih.gov/pubmed/21772710
432,http://www.ncbi.nlm.nih.gov/pubmed/11864366
433,http://www.ncbi.nlm.nih.gov/pubmed/17315395
434,http://www.ncbi.nlm.nih.gov/pubmed/23599675
435,http://www.ncbi.nlm.nih.gov/pubmed/23255116
436,http://www.ncbi.nlm.nih.gov/pubmed/9664617
437,http://www.ncbi.nlm.nih.gov/pubmed/17364293
438,http://www.ncbi.nlm.nih.gov/pubmed/18577682
439,http://www.ncbi.nlm.nih.gov/pubmed/14663844
440,http://www.ncbi.nlm.nih.gov/pubmed/7474061
441,http://www.ncbi.nlm.nih.gov/pubmed/11169342
442,http://www.ncbi.nlm.nih.gov/pubmed/10590441
443,http://www.ncbi.nlm.nih.gov/pubmed/21897718
444,http://www.ncbi.nlm.nih.gov/pubmed/23741179
445,http://www.ncbi.nlm.nih.gov/pubmed/24305403
446,http://www.ncbi.nlm.nih.gov/pubmed/24305278
447,http://www.ncbi.nlm.nih.gov/pubmed/23104528
448,http://www.ncbi.nlm.nih.gov/pubmed/23776883
449,http://www.ncbi.nlm.nih.gov/pubmed/23455231
450,http://www.ncbi.nlm.nih.gov/pubmed/23986914
451,http://www.ncbi.nlm.nih.gov/pubmed/16477543
452,http://www.ncbi.nlm.nih.gov/pubmed/16971728
453,http://www.ncbi.nlm.nih.gov/pubmed/24401652
